-- Insert Publishers
INSERT INTO Publisher (Email, Name) VALUES
('contact@bloomsbury.com', 'Bloomsbury'),
('release@bloomberg.net', 'Bloomberg'),
('info@penguinrandomhouse.com', 'Penguin Random House'),
('support@harpercollins.com', 'HarperCollins'),
('contact@hachettebookgroup.com', 'Hachette Book Group'),
('help@macmillan.com', 'Macmillan'),
('info@simonschuster.com', 'Simon & Schuster'),
('support@scholastic.com', 'Scholastic'),
('contact@oxfordpress.com', 'Oxford University Press'),
('info@cambridge.org', 'Cambridge University Press'),
('support@wiley.com', 'Wiley'),
('help@pearson.com', 'Pearson'),
('contact@springernature.com', 'Springer Nature'),
('info@cengage.com', 'Cengage'),
('support@mcgrawhill.com', 'McGraw Hill'),
('info@taylorandfrancis.com', 'Taylor & Francis'),
('help@elsevier.com', 'Elsevier'),
('contact@tor.com', 'Tor Books'),
('info@dk.com', 'DK Publishing'),
('support@chroniclebooks.com', 'Chronicle Books');

-- Insert Authors
INSERT INTO Author (Email, Name) VALUES
('stephenking@gmail.com', 'Stephen King'),
('jkrowling@gmail.com', 'J.K. Rowling'),
('smaas@gmail.com', 'Sarah J. Maas'),
('achristi@gmail.com', 'Agatha Christi'),
('lcarrol@gmail.com', 'Lewis Carrol'),
('realwillianshakespeare@pigeon.com', 'William Shakespeare'),
('smeyer@gmail.com', 'Stephenie Meyer'),
('cslewis@gmail.com', 'C. S. Lewis'),
('rdahl@gmail.com', 'Ronald Dahl'),
('lbardugo@gmail.com', 'Leigh Bardugo'),
('matwood@gmail.com', 'Margaret Atwood'),
('jgreen@gmail.com', 'John Green'),
('dbrown@gmail.com', 'Dan Brown'),
('acdoyle@gmail.com', 'Sir Arthur Conan Doyle'),
('edickinson@gmail.com', 'Emily Dickinson'),
('sfitzgerald@gmail.com', 'F. Scott Fitzgerald'),
('fkafka@gmail.com', 'Franz Kafka'),
('jmilton@gmail.com', 'John Milton'),
('ggarcia@gmail.com', 'Gabriel Garcia'),
('hrobbins@gmail.com', 'Harold Robbins');

-- Insert Books
INSERT INTO Book (ISBN, Title, Price, PageCount, Genre, Publisher_Email) VALUES
('9781639730957', 'Throne of Glass', 16.99, 432, 'Fantasy', 'release@bloomberg.net'),
('9781639730971', 'Crown of Midnight', 16.99, 448, 'Fantasy', 'release@bloomberg.net'),
('9781639730995', 'Heir of Fire', 16.99, 592, 'Fantasy', 'release@bloomberg.net'),
('9781639731015', 'Queen of Shadows', 16.99, 672, 'Fantasy', 'release@bloomberg.net'),
('9781639731039', 'Empire of Storms', 16.99, 720, 'Fantasy', 'release@bloomberg.net'),
('9781639731053', 'Tower of Dawn', 16.99, 688, 'Fantasy', 'release@bloomberg.net'),
('9781639731077', 'Kingdom of Ash', 16.99, 992, 'Fantasy', 'release@bloomberg.net'),
('9781639731091', 'The Assassin''s Blade', 16.99, 464, 'Fantasy', 'release@bloomberg.net'),
('9781635575569', 'A Court of Thorns and Roses', 16.99, 448, 'Fantasy', 'release@bloomberg.net'),
('9781635575583', 'A Court of Mist and Fury', 16.99, 656, 'Fantasy', 'release@bloomberg.net'),
('9781635575606', 'A Court of Wings and Ruin', 16.99, 699, 'Fantasy', 'release@bloomberg.net'),
('9781635575620', 'A Court of Frost and Starlight', 16.99, 272, 'Fantasy', 'release@bloomberg.net'),
('9781635577990', 'A Court of Silver Flames', 16.99, 768, 'Fantasy', 'release@bloomberg.net'),
('9780545790352', 'Harry Potter and the Sorcerer''s Stone', 16.99, 309, 'Fantasy', 'contact@bloomsbury.com'),
('9781781100509', 'Harry Potter and the Chamber of Secrets', 16.99, 341, 'Fantasy', 'contact@bloomsbury.com'),
('9781781100516', 'Harry Potter and the Prisoner of Azkaban', 16.99, 435, 'Fantasy', 'contact@bloomsbury.com'),
('9781408865422', 'Harry Potter and the Goblet of Fire', 16.99, 734, 'Fantasy', 'contact@bloomsbury.com'),
('9781781100530', 'Harry Potter and the Order of the Phoenix', 16.99, 870, 'Fantasy', 'contact@bloomsbury.com'),
('9781781100547', 'Harry Potter and the Half-Blood Prince', 16.99, 652, 'Fantasy', 'contact@bloomsbury.com'),
('9781781102435', 'Harry Potter and the Deathly Hallows', 16.99, 759, 'Fantasy', 'contact@bloomsbury.com');

-- Insert Book_Author relationships
INSERT INTO Book_Author (ISBN, Author_Email) VALUES
('9781639730957', 'smaas@gmail.com'),
('9781639730971', 'smaas@gmail.com'),
('9781639730995', 'smaas@gmail.com'),
('9781639731015', 'smaas@gmail.com'),
('9781639731039', 'smaas@gmail.com'),
('9781639731053', 'smaas@gmail.com'),
('9781639731077', 'smaas@gmail.com'),
('9781639731091', 'smaas@gmail.com'),
('9781635575569', 'smaas@gmail.com'),
('9781635575583', 'smaas@gmail.com'),
('9781635575606', 'smaas@gmail.com'),
('9781635575620', 'smaas@gmail.com'),
('9781635577990', 'smaas@gmail.com'),
('9781781100486', 'jkrowling@gmail.com'),
('9781781100509', 'jkrowling@gmail.com'),
('9781781100516', 'jkrowling@gmail.com'),
('9781546154419', 'jkrowling@gmail.com'),
('9781781100530', 'jkrowling@gmail.com'),
('9781781100547', 'jkrowling@gmail.com'),
('9781781102435', 'jkrowling@gmail.com');

-- Insert Users
INSERT INTO User (ID, Username, Phone_Number, Password, Address, Email) VALUES
(1, 'ShadowProwler77', '(555) 123-4567', 'dgfwwerfwgrereg regegrgereg', '123 Maple Street, Springfield, IL 62701', 'shadowprowler77@email.com'),
(2, 'CyberPhantomX', '(555) 234-5678', 'egeggregreegregr egregreg', '456 Elm Avenue, Oakwood, TX 75001', 'cyberphantomx@mail.com'),
(3, 'GlitchMaster9000', '(555) 345-6789', 'eggeeggergerbwe grffb', '789 Pine Lane, Riverdale, GA 30274', 'glitchmaster9000@outlook.com'),
(4, 'NeonNinja88', '(555) 456-7890', 'ewbewregrbrgew bewbew', '321 Birch Road, Sunnyside, AZ 85701', 'neonninja88@gmail.com'),
(5, 'TurboToasterX', '(555) 678-9012', 'ebwbeberbebeebb bb', '654 Cedar Drive, Greenfield, WI 53220', 'turbotoasterx@yahoo.com'),
(6, 'EchoFalcon42', '(555) 890-1234', 'wefqfwfqwfwfwe bbbtb', '987 Oakwood Blvd, Clearwater, FL 33755', 'echofalcon42@aol.com'),
(7, 'PixelPirate99', '(555) 111-2222', 'gfnttntnyntyneww ewefw', '1234 Cherry Street, Bluebell, CO 80401', 'pixelpirate99@live.com'),
(8, 'QuantumKoala', '(555) 567-8901', 'wbrbrtnyttnbrewe e', '5678 Fir Circle, Lakeside, MI 48423', 'quantumkoala123@gmail.com'),
(9, 'FrostByte77', '(555) 000-1111', 'ffwfwewfgebbn ffgbere', '1357 Ash Avenue, Oldtown, NV 89502', 'frostbyte77@icloud.com'),
(10, 'LavaLynx_22', '(555) 999-0000', 'fewebegrerwrerbb fdd', '2468 Willow Way, Pleasantville, NJ 08201', 'lavalynx22@hotmail.com'),
(11, 'StealthyCactusX', '(555) 888-9999', 'oikjuyhgfghgbvfc dfvgb', '4321 Oak Ridge Road, Maplewood, MN 55101', 'stealthycactusx@outlook.com'),
(12, 'RoboRaptor3000', '(555) 777-8888', 'bfdefghyjhgbvfcd', '7890 Redwood Drive, Hilltop, CA 92003', 'roboraptor3000@gmail.com'),
(13, 'GalacticSloth99', '(555) 666-7777', 'hgbvfdcfnmjngbvf dc', '555 Pinecrest Blvd, Rosewood, OH 44103', 'galacticsloth99@aol.com'),
(14, 'HyperVortex66', '(555) 555-6666', 'hgfderhgtgfde', '8962 Cypress Lane, Silverbrook, KY 41053', 'hypervortex66@yahoo.com'),
(15, 'BlazePenguinX', '(555) 444-5555', 'htgfdwfghngbvfcd sx', '1201 Birchwood Avenue, Pinehill, IN 46225', 'blazepenguinx@mail.com'),
(16, 'StormHawk77', '(555) 333-4444', 'hgfdfghngbvdcscd vfgb', '3701 Willow Creek Road, Rivertown, SC 29201', 'stormhawk77@live.com'),
(17, 'WaffleWarriorX', '(555) 222-3333', 'hngbvfcdsxdfgbnh fbvdc', '4632 Cedar Ridge Drive, Lakeside, OR 97035', 'wafflewarriorx@outlook.com'),
(18, 'CosmicOtter99', '(555) 111-2222', 'fgbhnmjhngbvfcd xscdf', '2745 Ashwood Road, Fairview, MI 48912', 'cosmicotter99@gmail.com'),
(19, 'ThunderMeow_23', '(555) 012-3456', 'mhngbvfcdvgbhn gbf', '9812 Oakbrook Way, Clearwater, KS 67026', 'thundermeow23@hotmail.com'),
(20, 'ElectricPancakeX', '(555) 901-2345', 'rbnhmgnfbvdcvdf bgnh', '3030 Pinehill Road, Redrock, TX 75215', 'electricpancakex@aol.com');

-- Insert Transactions
INSERT INTO Transaction (ID, Date, Return_Date, Price, UserID) VALUES
(001, '2025-03-01', '2025-03-10', 25.99, 1),
(002, '2025-03-02', '2025-03-12', 15.50, 2),
(003, '2025-03-03', '2025-03-13', 30.00, 3),
(004, '2025-03-04', '2025-03-14', 12.75, 4),
(005, '2025-03-05', '2025-03-15', 45.20, 5),
(006, '2025-03-06', '2025-03-16', 22.10, 6),
(007, '2025-03-07', '2025-03-17', 18.30, 7),
(008, '2025-03-08', '2025-03-18', 35.99, 8),
(009, '2025-03-09', '2025-03-19', 50.45, 9),
(010, '2025-03-10', '2025-03-20', 27.80, 10),
(011, '2025-03-11', '2025-03-21', 19.99, 11),
(012, '2025-03-12', '2025-03-22', 40.00, 12),
(013, '2025-03-13', '2025-03-23', 29.95, 13),
(014, '2025-03-14', '2025-03-24', 34.25, 14),
(015, '2025-03-15', '2025-03-25', 23.75, 15),
(016, '2025-03-16', '2025-03-26', 11.99, 16),
(017, '2025-03-17', '2025-03-27', 55.60, 17),
(018, '2025-03-18', '2025-03-28', 37.40, 18),
(019, '2025-03-19', '2025-03-29', 49.99, 19),
(020, '2025-03-20', '2025-03-30', 20.00, 20);

-- Insert Book_Transaction relationships
INSERT INTO Book_Transaction (ISBN, Transaction_ID) VALUES
('9781639730957', 001),
('9781639730971', 002),
('9781639730995', 003),
('9781639731015', 004),
('9781639731039', 005),
('9781639731053', 006),
('9781639731077', 007),
('9781639731091', 008),
('9781635575569', 009),
('9781635575583', 010),
('9781635575606', 011),
('9781635575620', 012),
('9781635577990', 013),
('9781781100486', 014),
('9781781100509', 015),
('9781781100516', 016),
('9781546154419', 017),
('9781781100530', 018),
('9781781100547', 019),
('9781781102435', 020);

-- Insert Book_User relationships
INSERT INTO Book_User (ISBN, UserID) VALUES
('9781639730957', 1),
('9781639730971', 2),
('9781639730995', 3),
('9781639731015', 4),
('9781639731039', 5),
('9781639731053', 6),
('9781639731077', 7),
('9781639731091', 8),
('9781635575569', 9),
('9781635575583', 10),
('9781635575606', 11),
('9781635575620', 12),
('9781635577990', 13),
('9781781100486', 14),
('9781781100509', 15),
('9781781100516', 16),
('9781546154419', 17),
('9781781100530', 18),
('9781781100547', 19),
('9781781102435', 20);